<?xml version="1.0" encoding="UTF-8"?>
<project-private xmlns="http://www.netbeans.org/ns/project-private/1">
    <editor-bookmarks xmlns="http://www.netbeans.org/ns/editor-bookmarks/2" lastBookmarkId="0"/>
    <open-files xmlns="http://www.netbeans.org/ns/projectui-open-files/2">
        <group>
            <file>file:/E:/2.2%20sem/RAD/Online%20Auction%20System%20Using%20Only%20JSP/Online-Auction-Platform-JSP-Servlet-/OnlineAuctionSystem/src/java/com/app/classes/CartItemDetails.java</file>
            <file>file:/E:/2.2%20sem/RAD/Online%20Auction%20System%20Using%20Only%20JSP/Online-Auction-Platform-JSP-Servlet-/OnlineAuctionSystem/web/JspFiles/LoginJsp/login.jsp</file>
            <file>file:/E:/2.2%20sem/RAD/Online%20Auction%20System%20Using%20Only%20JSP/Online-Auction-Platform-JSP-Servlet-/OnlineAuctionSystem/src/java/com/app/classes/Seller.java</file>
            <file>file:/E:/2.2%20sem/RAD/Online%20Auction%20System%20Using%20Only%20JSP/Online-Auction-Platform-JSP-Servlet-/OnlineAuctionSystem/web/JspFiles/sellerJsp/updateListing.jsp</file>
            <file>file:/E:/2.2%20sem/RAD/Online%20Auction%20System%20Using%20Only%20JSP/Online-Auction-Platform-JSP-Servlet-/OnlineAuctionSystem/web/JspFiles/customerJsp/customerRegistrationForm.jsp</file>
            <file>file:/E:/2.2%20sem/RAD/Online%20Auction%20System%20Using%20Only%20JSP/Online-Auction-Platform-JSP-Servlet-/OnlineAuctionSystem/web/JspFiles/sellerJsp/toBeShiped.jsp</file>
            <file>file:/E:/2.2%20sem/RAD/Online%20Auction%20System%20Using%20Only%20JSP/Online-Auction-Platform-JSP-Servlet-/OnlineAuctionSystem/src/java/com/app/classes/Bid.java</file>
            <file>file:/E:/2.2%20sem/RAD/Online%20Auction%20System%20Using%20Only%20JSP/Online-Auction-Platform-JSP-Servlet-/OnlineAuctionSystem/web/JspFiles/customerJsp/wonItemsListOfCustomer.jsp</file>
            <file>file:/E:/2.2%20sem/RAD/Online%20Auction%20System%20Using%20Only%20JSP/Online-Auction-Platform-JSP-Servlet-/OnlineAuctionSystem/src/java/com/app/classes/ItemWinnerDetails.java</file>
            <file>file:/E:/2.2%20sem/RAD/Online%20Auction%20System%20Using%20Only%20JSP/Online-Auction-Platform-JSP-Servlet-/OnlineAuctionSystem/src/java/com/app/classes/EmailSender.java</file>
            <file>file:/E:/2.2%20sem/RAD/Online%20Auction%20System%20Using%20Only%20JSP/Online-Auction-Platform-JSP-Servlet-/OnlineAuctionSystem/web/JspFiles/sellerJsp/addItem.jsp</file>
            <file>file:/E:/2.2%20sem/RAD/Online%20Auction%20System%20Using%20Only%20JSP/Online-Auction-Platform-JSP-Servlet-/OnlineAuctionSystem/web/JspFiles/sellerJsp/placeAuction.jsp</file>
            <file>file:/E:/2.2%20sem/RAD/Online%20Auction%20System%20Using%20Only%20JSP/Online-Auction-Platform-JSP-Servlet-/OnlineAuctionSystem/src/java/com/app/classes/Item.java</file>
            <file>file:/E:/2.2%20sem/RAD/Online%20Auction%20System%20Using%20Only%20JSP/Online-Auction-Platform-JSP-Servlet-/OnlineAuctionSystem/src/java/com/app/classes/AuctionStatusChecker.java</file>
            <file>file:/E:/2.2%20sem/RAD/Online%20Auction%20System%20Using%20Only%20JSP/Online-Auction-Platform-JSP-Servlet-/OnlineAuctionSystem/web/JspFiles/customerJsp/cart.jsp</file>
            <file>file:/E:/2.2%20sem/RAD/Online%20Auction%20System%20Using%20Only%20JSP/Online-Auction-Platform-JSP-Servlet-/OnlineAuctionSystem/web/JspFiles/sellerJsp/sellerDashboard.jsp</file>
            <file>file:/E:/2.2%20sem/RAD/Online%20Auction%20System%20Using%20Only%20JSP/Online-Auction-Platform-JSP-Servlet-/OnlineAuctionSystem/web/JspFiles/sellerJsp/getWinnerList.jsp</file>
            <file>file:/E:/2.2%20sem/RAD/Online%20Auction%20System%20Using%20Only%20JSP/Online-Auction-Platform-JSP-Servlet-/OnlineAuctionSystem/web/JspFiles/sellerJsp/SellerRegistrationForm.jsp</file>
            <file>file:/E:/2.2%20sem/RAD/Online%20Auction%20System%20Using%20Only%20JSP/Online-Auction-Platform-JSP-Servlet-/OnlineAuctionSystem/web/JspFiles/customerJsp/bidForm.jsp</file>
            <file>file:/E:/2.2%20sem/RAD/Online%20Auction%20System%20Using%20Only%20JSP/Online-Auction-Platform-JSP-Servlet-/OnlineAuctionSystem/web/JS/main.js</file>
            <file>file:/E:/2.2%20sem/RAD/Online%20Auction%20System%20Using%20Only%20JSP/Online-Auction-Platform-JSP-Servlet-/OnlineAuctionSystem/src/java/com/app/classes/Auction.java</file>
            <file>file:/E:/2.2%20sem/RAD/Online%20Auction%20System%20Using%20Only%20JSP/Online-Auction-Platform-JSP-Servlet-/OnlineAuctionSystem/web/JspFiles/customerJsp/customerDashboard.jsp</file>
            <file>file:/E:/2.2%20sem/RAD/Online%20Auction%20System%20Using%20Only%20JSP/Online-Auction-Platform-JSP-Servlet-/OnlineAuctionSystem/web/JspFiles/webpageInterfaceJsp/interface.jsp</file>
            <file>file:/E:/2.2%20sem/RAD/Online%20Auction%20System%20Using%20Only%20JSP/Online-Auction-Platform-JSP-Servlet-/OnlineAuctionSystem/src/java/com/app/classes/Cart.java</file>
            <file>file:/E:/2.2%20sem/RAD/Online%20Auction%20System%20Using%20Only%20JSP/Online-Auction-Platform-JSP-Servlet-/OnlineAuctionSystem/src/java/com/app/classes/AuctionScheduler.java</file>
            <file>file:/E:/2.2%20sem/RAD/Online%20Auction%20System%20Using%20Only%20JSP/Online-Auction-Platform-JSP-Servlet-/OnlineAuctionSystem/web/JspFiles/webpageInterfaceJsp/sellerUI.jsp</file>
            <file>file:/E:/2.2%20sem/RAD/Online%20Auction%20System%20Using%20Only%20JSP/Online-Auction-Platform-JSP-Servlet-/OnlineAuctionSystem/web/index.jsp</file>
        </group>
    </open-files>
</project-private>
